product_id,name,category,price
1,Least Mention,Toys,116.65
2,Air Improve,Toys,279.37
3,Great Relate,Clothing,144.69
4,Respond Success,Electronics,678.63
5,Interview Shake,Books,92.41
6,Company Though,Sports,37.58
7,Manage Wide,Electronics,223.32
8,Care Prevent,Books,604.4
9,None Agreement,Books,203.63
10,What Indeed,Toys,703.11
11,Person Organization,Sports,225.11
12,Recognize Agreement,Books,282.51
13,Because Question,Food,12.45
14,Later Central,Food,164.69
15,Trial Main,Sports,344.2
16,Court Apply,Clothing,220.01
17,Ever Hundred,Food,340.56
18,Generation Development,Electronics,383.64
19,Look General,Home & Garden,848.4
20,Green Sort,Books,268.92
21,Until Hundred,Electronics,731.34
22,Fall Soldier,Books,130.07
23,Theory Know,Sports,84.32
24,Entire They,Home & Garden,830.42
25,Beat Many,Books,886.13
26,After So,Home & Garden,579.88
27,Notice Area,Toys,75.13
28,Hard Door,Toys,232.52
29,Rate Authority,Home & Garden,985.3
30,Statement Reach,Food,237.38
31,Amount Somebody,Electronics,383.84
32,Allow End,Sports,637.86
33,Decision Those,Home & Garden,167.67
34,Again Pretty,Home & Garden,214.24
35,Claim Edge,Home & Garden,703.6
36,Card Material,Toys,650.14
37,Relationship Building,Books,637.16
38,Organization Yourself,Books,730.74
39,Discover Make,Clothing,465.48
40,Scene Establish,Home & Garden,989.58
41,Speak Home,Toys,690.02
42,Computer Police,Clothing,686.5
43,Policy Small,Food,769.69
44,Serious Building,Electronics,233.66
45,Star Tell,Electronics,806.21
46,Common Foreign,Sports,272.12
47,Box Particular,Clothing,913.65
48,Agree Woman,Books,877.1
49,Forget Parent,Home & Garden,217.34
50,Research Whatever,Sports,399.25
