user_id,name,email,city
1,Allison Hill,donaldgarcia@example.net,New Roberttown
2,David Guzman,jennifermiles@example.com,South Bridget
3,Abigail Shaffer,jpeterson@example.org,Curtisfurt
4,Ryan Munoz,blairamanda@example.com,New Kellystad
5,Michele Williams,kendragalloway@example.org,South Joshuastad
6,Henry Santiago,lynchgeorge@example.net,East Steven
7,Timothy Watts,gabriellecameron@example.org,Port Antonio
8,Derek Clark,jason76@example.net,Thomasberg
9,Justin Baker,zhurst@example.com,East William
10,Anthony Rodriguez,laurahenderson@example.org,Jamesmouth
11,Tricia Valencia,frazierdanny@example.net,Kaylamouth
12,Jeffrey Chavez,teresa28@example.org,Meaganhaven
13,Brittany Farmer,georgetracy@example.org,Natashaport
14,David Bradley,millertodd@example.org,East Donna
15,Carmen Rose,ibrandt@example.net,Lake Larry
16,Marie Kim DDS,wrightcaleb@example.org,New Jeffrey
17,Mark Perez,heathchad@example.org,Elizabethborough
18,Miranda Khan,esanchez@example.com,North Collin
19,Jeff Owens,nuneztracey@example.org,South Jessicaville
20,Connor West,dwhite@example.org,South Lindseyside
21,Matthew Fernandez,novaksara@example.org,South Todd
22,James Brown,ysmith@example.com,Mitchellside
23,Katelyn Lee,tanyariley@example.net,Lake Leeton
24,Kathryn Farrell,brianromero@example.org,New Carlosbury
25,Todd Hudson,harveyrobert@example.net,Sarahborough
26,Emily Baker,emilyevans@example.com,North Stephenshire
27,Angel Lewis MD,nicole35@example.com,South Martha
28,Lisa Archer,contrerasangela@example.net,East Josephville
29,Brittney Campbell,jenniferharris@example.net,Williamview
30,Sarah Davis,ccalderon@example.org,Kellieview
31,Jeremy Thornton,rodriguezsierra@example.net,New Barry
32,Juan Jordan,parkerrachel@example.org,Jasonbury
33,Heather Castro,vdickson@example.org,Port Francisco
34,Cassandra Gutierrez,jillcook@example.com,West Erik
35,Janet Williams,dwalker@example.com,Loribury
36,Matthew Ross,michelle45@example.net,Frazierside
37,Alexander Wiley,gregory40@example.org,Reedmouth
38,William Wilson,jonathanfletcher@example.org,West Ryan
39,Tammie Hanson,cortezkevin@example.com,Nguyenport
40,Cheryl Ortega,lbyrd@example.net,Richardtown
41,Daniel Floyd,steven73@example.net,Leonburgh
42,Diane Beck,clarence34@example.org,East Andrew
43,John Atkinson,gibsonolivia@example.net,Lake Heather
44,David Douglas Jr.,osbornejeffery@example.net,Williamsbury
45,Barbara Anderson,jcontreras@example.net,Stephaniemouth
46,Michelle Wagner,vmerritt@example.com,Greenbury
47,Destiny Strickland,rsims@example.com,Lake Justinview
48,Steven Miller,jessebenson@example.net,North Robert
49,John Brown,xprice@example.net,Port Nicoleshire
50,Aaron Bell,acastaneda@example.net,South Jeffrey
